Size_sqft,Bedrooms,Age_years,Price_Lakhs
1626,4,8,146.64
1959,5,10,176.25
1360,4,21,119.55
1794,5,15,168.27
1630,5,6,155.39
1595,3,28,130.74
2224,5,9,204.72
1544,4,22,138.46
2138,5,25,192.6
621,3,2,67.23
966,3,17,83.04
1738,4,24,149.04
830,2,23,73.24
1982,2,12,168.01
587,5,27,63.76
1896,1,25,149.77
1623,5,6,159.43
1371,4,24,119.52
2187,4,3,196.8
630,4,12,65.79
2185,4,19,188.01
1832,4,0,172.05
1269,3,7,118.55
843,2,13,77.61
2015,4,15,183.23
1937,1,13,156.17
1305,1,11,109.51
885,1,18,68.85
1715,1,22,137.22
1455,3,14,126.55
776,1,27,59.46
1684,4,1,157.4
959,5,1,97.33
1837,1,22,155.82
521,3,21,45.35
752,3,18,63.69
1247,1,24,103.35
1356,5,25,129.94
2084,1,29,166.14
974,3,28,87.66
1582,2,21,130.2
1010,4,25,88.81
2205,3,25,184.28
1999,1,21,155.23
1199,4,16,116.0
1475,1,19,116.56
2306,1,9,182.65
689,2,5,62.01
1457,4,14,134.42
1186,4,21,105.76
1457,2,10,119.45
1062,3,27,93.08
2399,1,4,196.94
2090,5,0,189.67
1767,1,7,141.9
1331,1,20,106.64
2028,3,27,161.9
1654,1,11,126.98
2008,2,11,163.75
2342,2,4,195.09
1146,4,6,111.43
520,5,3,73.08
1340,1,5,114.99
666,1,12,53.88
1797,3,19,152.96
887,2,29,67.25
1100,5,14,108.71
815,4,2,83.16
513,2,22,46.05
741,4,7,73.04
1276,3,19,113.98
1869,3,15,167.68
1064,1,12,85.98
1397,5,17,133.67
1863,4,27,164.39
591,2,9,52.57
1890,3,29,158.62
1455,1,18,116.06
1978,1,16,158.93
1951,4,23,165.31
1008,3,18,90.36
1275,5,27,121.39
2466,3,25,212.04
534,4,22,60.92
705,4,25,79.67
1604,3,4,138.28
2455,4,25,213.26
2085,3,20,176.72
2395,2,29,203.85
1911,3,22,157.24
1525,3,8,130.4
1521,4,11,135.38
1913,4,20,156.42
1065,1,0,87.57
1629,1,25,124.02
2295,2,25,186.85
2345,1,0,194.31
2000,3,14,180.18
1202,4,1,120.61
901,1,29,65.5
1229,1,21,92.53
2079,2,15,174.28
661,2,24,49.08
701,3,7,78.14
2481,4,12,220.78
1495,2,20,121.25
769,1,0,57.95
2386,4,15,213.15
1315,4,28,116.23
1794,1,6,152.91
955,2,4,77.23
1985,1,21,154.5
2250,4,28,191.63
1775,5,22,160.63
1516,5,2,143.43
2225,3,11,192.81
795,1,25,55.76
2248,1,15,179.63
1219,3,18,107.72
2272,3,4,198.13
837,3,21,79.22
1378,4,24,117.42
1576,1,28,115.01
1291,4,13,125.77
2445,3,27,204.16
716,1,4,57.34
1263,4,14,124.6
687,4,16,70.74
879,3,29,82.52
992,1,13,80.8
1564,3,29,141.72
1680,1,19,142.48
514,5,4,63.68
2336,2,11,198.44
564,2,15,53.85
2380,2,25,199.74
2362,3,25,191.64
1020,5,15,105.53
1867,1,20,153.65
1652,4,6,141.57
1147,1,3,89.94
1995,4,0,169.4
1586,1,29,121.83
1662,5,29,152.85
2022,4,4,188.07
1092,3,22,96.13
891,1,25,76.92
2198,1,9,171.24
918,4,21,78.62
788,3,4,76.56
878,3,3,86.26
2296,5,1,208.22
2013,3,19,160.0
730,3,9,70.25
1517,3,25,122.34
540,2,18,51.15
1551,5,25,143.41
634,1,0,51.02
700,4,23,66.53
2363,1,4,187.54
1279,5,12,123.41
1429,4,3,138.2
1556,5,15,140.05
1571,3,23,136.3
1002,4,15,93.01
906,3,22,76.92
2097,1,1,171.92
2251,1,16,175.1
1304,4,27,113.45
598,4,26,54.05
1183,5,19,123.76
2395,5,23,209.88
1225,3,11,106.2
2070,4,17,181.57
1460,1,2,120.64
2262,5,27,196.76
1112,5,0,117.03
2466,1,0,206.07
1985,5,28,172.75
1142,3,18,98.08
2292,4,10,198.98
1528,1,4,114.53
1741,4,11,148.4
1002,5,2,111.39
1266,5,0,134.5
897,1,0,75.51
1370,3,7,125.38
1294,2,9,112.38
892,1,10,88.75
706,2,11,68.78
1538,2,28,124.0
2381,3,12,197.1
2077,2,11,164.83
1391,2,13,118.4
1984,3,1,169.64
2214,2,28,171.61
2098,2,18,169.21
1363,2,17,108.53
1242,1,2,112.2
1764,1,22,143.93
